{"settings": {"model": "svm", "query_strategy": "max", "balance_strategy": "double", "feature_extraction": "doc2vec", "n_instances": 1, "mode": "simulate", "model_param": {"gamma": "scale", "class_weight": 2.305997886847878, "C": 0.3922836019651194, "kernel": "poly", "random_state": null}, "query_param": {}, "feature_param": {"vector_size": 128, "epochs": 41, "min_count": 1, "n_jobs": 1, "window": 9, "dm_concat": 0, "dm": 0, "dbow_words": 1, "split_ta": 1, "use_keywords": 0}, "balance_param": {"a": 0.7050111643370032, "alpha": 0.32991430363179397, "b": 0.9295835045362122, "beta": 1.0}, "abstract_only": false}, "wss": {"95": 67.1651430460623, "99": 64.18889307489448, "100": 60.338835794960914}, "rrf": {"5": 46.01769911504425, "10": 69.91150442477877, "20": 90.26548672566372}, "loss": 0.0844203232546706, "general": {"n_queries": [2303], "n_states": 1, "n_papers": 2304, "n_included": 114, "n_excluded": 2190, "n_unlabeled": 0}}