{"settings": {"model": "svm", "query_strategy": "max", "balance_strategy": "double", "feature_extraction": "tfidf", "n_instances": 1, "mode": "simulate", "model_param": {"gamma": "scale", "class_weight": 0.28278023803894276, "C": 0.5643470924583002, "kernel": "rbf", "random_state": null}, "query_param": {}, "feature_param": {"ngram_max": 1, "split_ta": 0, "use_keywords": 0}, "balance_param": {"a": 1.1278650034386934, "alpha": 1.0728733866641265, "b": 0.29116031831325695, "beta": 1.0}, "abstract_only": false}, "wss": {"95": 92.2110684414714, "99": 91.1811388063514, "100": 46.36833820553182}, "rrf": {"5": 98.05825242718447, "10": 99.02912621359224, "20": 99.02912621359224}, "loss": 0.01980490850038416, "general": {"n_queries": [8895], "n_states": 1, "n_papers": 8896, "n_included": 104, "n_excluded": 8792, "n_unlabeled": 0}}