{"settings": {"model": "logistic", "query_strategy": "max", "balance_strategy": "double", "feature_extraction": "tfidf", "n_instances": 1, "mode": "simulate", "model_param": {"C": 0.7931966354840153, "class_weight": 36.09774552420445, "n_jobs": 1}, "query_param": {}, "feature_param": {"ngram_max": 2, "split_ta": 1, "use_keywords": 0}, "balance_param": {"a": 1138.8532208403299, "alpha": 1.5295863780239143, "b": 0.2087037894395837, "beta": 1.0}, "abstract_only": false}, "wss": {"95": 80.71428571428571, "99": 36.40841916703985, "100": 36.40841916703985}, "rrf": {"5": 67.5, "10": 92.5, "20": 97.5}, "loss": 0.05407158836689039, "general": {"n_queries": [2234], "n_states": 1, "n_papers": 2235, "n_included": 41, "n_excluded": 2194, "n_unlabeled": 0}}