{"settings": {"model": "logistic", "query_strategy": "max", "balance_strategy": "double", "feature_extraction": "tfidf", "n_instances": 1, "mode": "simulate", "model_param": {"C": 0.22440909809933182, "class_weight": 9.121066699365397, "n_jobs": 1}, "query_param": {}, "feature_param": {"ngram_max": 2, "split_ta": 0, "use_keywords": 0}, "balance_param": {"a": 0.9967221346721932, "alpha": 0.09180591881055768, "b": 0.35427600777586943, "beta": 1.0}, "abstract_only": false}, "wss": {"95": 70.20597710340374, "99": 55.02295041633671, "100": 42.96264118158125}, "rrf": {"5": 46.01769911504425, "10": 73.45132743362832, "20": 90.26548672566372}, "loss": 0.08344472099311702, "general": {"n_queries": [2303], "n_states": 1, "n_papers": 2304, "n_included": 114, "n_excluded": 2190, "n_unlabeled": 0}}