{"settings": {"model": "logistic", "query_strategy": "max", "balance_strategy": "double", "feature_extraction": "tfidf", "n_instances": 1, "mode": "simulate", "model_param": {"C": 0.22440909809933182, "class_weight": 9.121066699365397, "n_jobs": 1}, "query_param": {}, "feature_param": {"ngram_max": 2, "split_ta": 0, "use_keywords": 0}, "balance_param": {"a": 0.9967221346721932, "alpha": 0.09180591881055768, "b": 0.35427600777586943, "beta": 1.0}, "abstract_only": false}, "wss": {"95": 71.37887023980687, "99": 54.762307497136014, "100": 42.70199826238055}, "rrf": {"5": 45.13274336283186, "10": 75.2212389380531, "20": 92.0353982300885}, "loss": 0.08246527777777778, "general": {"n_queries": [2303], "n_states": 1, "n_papers": 2304, "n_included": 114, "n_excluded": 2190, "n_unlabeled": 0}}