{"settings": {"model": "rf", "query_strategy": "max", "balance_strategy": "double", "feature_extraction": "doc2vec", "n_instances": 1, "mode": "simulate", "model_param": {"n_estimators": 93, "max_features": 10, "class_weight": 0.8422749288044914, "random_state": null}, "query_param": {}, "feature_param": {"vector_size": 120, "epochs": 20, "min_count": 1, "n_jobs": 1, "window": 6, "dm_concat": 0, "dm": 0, "dbow_words": 0, "split_ta": 0, "use_keywords": 0}, "balance_param": {"a": 5.300339703036184, "alpha": 0.34935604520848673, "b": 0.33978090984677534, "beta": 1.0}, "abstract_only": false}, "wss": {"95": 77.9056979056979, "99": 73.13638313638313, "100": 68.2968682968683}, "rrf": {"5": 39.696969696969695, "10": 75.45454545454547, "20": 96.66666666666666}, "loss": 0.07196995652986259, "general": {"n_queries": [2332, 2332, 2332, 2332, 2332, 2332, 2332, 2332, 2332, 2332, 2332, 2332, 2332, 2332, 2332], "n_states": 15, "n_papers": 2333, "n_included": 23, "n_excluded": 2310, "n_unlabeled": 0}}