{"settings": {"model": "rf", "query_strategy": "max", "balance_strategy": "double", "feature_extraction": "doc2vec", "n_instances": 1, "mode": "simulate", "model_param": {"n_estimators": 93, "max_features": 10, "class_weight": 0.8422749288044914, "random_state": null}, "query_param": {}, "feature_param": {"vector_size": 120, "epochs": 20, "min_count": 1, "n_jobs": 1, "window": 6, "dm_concat": 0, "dm": 0, "dbow_words": 0, "split_ta": 0, "use_keywords": 0}, "balance_param": {"a": 5.300339703036184, "alpha": 0.34935604520848673, "b": 0.33978090984677534, "beta": 1.0}, "abstract_only": false}, "wss": {"95": 85.24433524433525, "99": 80.48048048048048, "100": 80.48048048048048}, "rrf": {"5": 50.0, "10": 90.9090909090909, "20": 100.0}, "loss": 0.05262440088843861, "general": {"n_queries": [2332], "n_states": 1, "n_papers": 2333, "n_included": 23, "n_excluded": 2310, "n_unlabeled": 0}}