{"settings": {"model": "rf", "query_strategy": "max", "balance_strategy": "double", "feature_extraction": "doc2vec", "n_instances": 1, "mode": "simulate", "model_param": {"n_estimators": 94, "max_features": 6, "class_weight": 1.69999844540861, "random_state": null}, "query_param": {}, "feature_param": {"vector_size": 32, "epochs": 39, "min_count": 2, "n_jobs": 1, "window": 5, "dm_concat": 0, "dm": 2, "dbow_words": 0, "split_ta": 1, "use_keywords": 1}, "balance_param": {"a": 1.3718635374390966, "alpha": 1.473693749687179, "b": 0.33734810219794387, "beta": 1.0}, "abstract_only": false}, "wss": {"95": 91.04721338628346, "99": 90.13549005438378, "100": 77.62536541488643}, "rrf": {"5": 97.02265372168284, "10": 99.15857605177995, "20": 99.87055016181229}, "loss": 0.01594504840442946, "general": {"n_queries": [8895, 8895, 8895, 8895, 8895, 8895, 8895, 8895, 8895, 8895, 8895, 8895, 8895, 8895, 8895], "n_states": 15, "n_papers": 8896, "n_included": 104, "n_excluded": 8792, "n_unlabeled": 0}}