{"settings": {"model": "rf", "query_strategy": "max", "balance_strategy": "double", "feature_extraction": "doc2vec", "n_instances": 1, "mode": "simulate", "model_param": {"n_estimators": 94, "max_features": 6, "class_weight": 1.69999844540861, "random_state": null}, "query_param": {}, "feature_param": {"vector_size": 32, "epochs": 39, "min_count": 2, "n_jobs": 1, "window": 5, "dm_concat": 0, "dm": 2, "dbow_words": 0, "split_ta": 1, "use_keywords": 1}, "balance_param": {"a": 1.3718635374390966, "alpha": 1.473693749687179, "b": 0.33734810219794387, "beta": 1.0}, "abstract_only": false}, "wss": {"95": 90.88433131531893, "99": 93.57601175440627, "100": 83.1009669440072}, "rrf": {"5": 96.11650485436893, "10": 99.02912621359224, "20": 100.0}, "loss": 0.01581489662638822, "general": {"n_queries": [8895], "n_states": 1, "n_papers": 8896, "n_included": 104, "n_excluded": 8792, "n_unlabeled": 0}}