{"settings": {"model": "nb", "query_strategy": "max", "balance_strategy": "double", "feature_extraction": "tfidf", "n_instances": 1, "mode": "simulate", "model_param": {"alpha": 0.17584727645029802}, "query_param": {}, "feature_param": {"ngram_max": 2, "split_ta": 1, "use_keywords": 1}, "balance_param": {"a": 1249.910315374313, "alpha": 0.7043792455091337, "b": 0.9993171869006371, "beta": 1.0}, "abstract_only": false}, "wss": {"95": 83.44603672189879, "99": 48.09673085535154, "100": 48.09673085535154}, "rrf": {"5": 77.5, "10": 90.0, "20": 97.5}, "loss": 0.04467561521252797, "general": {"n_queries": [2234], "n_states": 1, "n_papers": 2235, "n_included": 41, "n_excluded": 2194, "n_unlabeled": 0}}