{"settings": {"model": "logistic", "query_strategy": "max", "balance_strategy": "double", "feature_extraction": "tfidf", "n_instances": 1, "mode": "simulate", "model_param": {"C": 0.00024031901476987037, "class_weight": 2.1513539908856703, "n_jobs": 1}, "query_param": {}, "feature_param": {"ngram_max": 2, "split_ta": 0, "use_keywords": 0}, "balance_param": {"a": 0.8836839952321406, "alpha": 0.8162999668176772, "b": 0.08853768999473695, "beta": 1.0}, "abstract_only": false}, "wss": {"95": 93.75782622949059, "99": 90.41558958043349, "100": 90.41558958043349}, "rrf": {"5": 97.2972972972973, "10": 100.0, "20": 100.0}, "loss": 0.015278247836387373, "general": {"n_queries": [5030], "n_states": 1, "n_papers": 5031, "n_included": 38, "n_excluded": 4993, "n_unlabeled": 0}}