{"settings": {"model": "rf", "query_strategy": "max", "balance_strategy": "double", "feature_extraction": "doc2vec", "n_instances": 1, "mode": "simulate", "model_param": {"n_estimators": 95, "max_features": 6, "class_weight": 5.56814136957756, "random_state": null}, "query_param": {}, "feature_param": {"vector_size": 48, "epochs": 31, "min_count": 2, "n_jobs": 1, "window": 6, "dm_concat": 0, "dm": 2, "dbow_words": 1, "split_ta": 0, "use_keywords": 0}, "balance_param": {"a": 0.5116502358141777, "alpha": 0.42728359154125894, "b": 0.6560611531380288, "beta": 1.0}, "abstract_only": false}, "wss": {"95": 64.03547671840354, "99": 43.2520325203252, "100": 43.2520325203252}, "rrf": {"5": 39.39393939393939, "10": 64.64646464646465, "20": 87.87878787878788}, "loss": 0.10144761092243496, "general": {"n_queries": [1846], "n_states": 1, "n_papers": 1847, "n_included": 100, "n_excluded": 1747, "n_unlabeled": 0}}