{"settings": {"model": "rf", "query_strategy": "max", "balance_strategy": "double", "feature_extraction": "doc2vec", "n_instances": 1, "mode": "simulate", "model_param": {"n_estimators": 95, "max_features": 6, "class_weight": 5.56814136957756, "random_state": null}, "query_param": {}, "feature_param": {"vector_size": 48, "epochs": 31, "min_count": 2, "n_jobs": 1, "window": 6, "dm_concat": 0, "dm": 2, "dbow_words": 1, "split_ta": 0, "use_keywords": 0}, "balance_param": {"a": 0.5116502358141777, "alpha": 0.42728359154125894, "b": 0.6560611531380288, "beta": 1.0}, "abstract_only": false}, "wss": {"95": 64.74008376447401, "99": 48.292682926829265, "100": 48.292682926829265}, "rrf": {"5": 43.43434343434343, "10": 66.66666666666667, "20": 84.84848484848484}, "loss": 0.09557404034935169, "general": {"n_queries": [1846], "n_states": 1, "n_papers": 1847, "n_included": 100, "n_excluded": 1747, "n_unlabeled": 0}}