{"settings": {"model": "rf", "query_strategy": "max", "balance_strategy": "double", "feature_extraction": "doc2vec", "n_instances": 1, "mode": "simulate", "model_param": {"n_estimators": 95, "max_features": 6, "class_weight": 5.56814136957756, "random_state": null}, "query_param": {}, "feature_param": {"vector_size": 48, "epochs": 31, "min_count": 2, "n_jobs": 1, "window": 6, "dm_concat": 0, "dm": 2, "dbow_words": 1, "split_ta": 0, "use_keywords": 0}, "balance_param": {"a": 0.5116502358141777, "alpha": 0.42728359154125894, "b": 0.6560611531380288, "beta": 1.0}, "abstract_only": false}, "wss": {"95": 63.49347129834934, "99": 46.666666666666664, "100": 46.666666666666664}, "rrf": {"5": 39.39393939393939, "10": 60.60606060606061, "20": 83.83838383838383}, "loss": 0.10681804509633414, "general": {"n_queries": [1846], "n_states": 1, "n_papers": 1847, "n_included": 100, "n_excluded": 1747, "n_unlabeled": 0}}