{"settings": {"model": "rf", "query_strategy": "max", "balance_strategy": "double", "feature_extraction": "doc2vec", "n_instances": 1, "mode": "simulate", "model_param": {"n_estimators": 94, "max_features": 7, "class_weight": 5.5444953485527355, "random_state": null}, "query_param": {}, "feature_param": {"vector_size": 56, "epochs": 25, "min_count": 1, "n_jobs": 1, "window": 6, "dm_concat": 0, "dm": 2, "dbow_words": 1, "split_ta": 1, "use_keywords": 1}, "balance_param": {"a": 2.0118096604738955, "alpha": 0.4818048677610488, "b": 0.5906589392462611, "beta": 1.0}, "abstract_only": false}, "wss": {"95": 68.62292879534259, "99": 57.57590685176892, "100": 13.434841021047916}, "rrf": {"5": 55.33333333333333, "10": 80.83333333333333, "20": 91.99999999999999}, "loss": 0.07166679558233002, "general": {"n_queries": [2234, 2234, 2234, 2234, 2234, 2234, 2234, 2234, 2234, 2234, 2234, 2234, 2234, 2234, 2234], "n_states": 15, "n_papers": 2235, "n_included": 41, "n_excluded": 2194, "n_unlabeled": 0}}