{"settings": {"model": "logistic", "query_strategy": "max", "balance_strategy": "double", "feature_extraction": "doc2vec", "n_instances": 1, "mode": "simulate", "model_param": {"C": 0.006592323963140994, "class_weight": 347.02315938091664, "n_jobs": 1}, "query_param": {}, "feature_param": {"vector_size": 80, "epochs": 23, "min_count": 1, "n_jobs": 1, "window": 7, "dm_concat": 1, "dm": 0, "dbow_words": 1, "split_ta": 1, "use_keywords": 1}, "balance_param": {"a": 0.9765800975545895, "alpha": 1.9364449483447816, "b": 0.9713969105511732, "beta": 1.0}, "abstract_only": false}, "wss": {"95": 92.05365895192789, "99": 93.39611519492797, "100": 84.84371486395322}, "rrf": {"5": 98.05825242718447, "10": 99.02912621359224, "20": 100.0}, "loss": 0.013500122232311241, "general": {"n_queries": [8895], "n_states": 1, "n_papers": 8896, "n_included": 104, "n_excluded": 8792, "n_unlabeled": 0}}