{"settings": {"model": "svm", "query_strategy": "max", "balance_strategy": "double", "feature_extraction": "doc2vec", "n_instances": 1, "mode": "simulate", "model_param": {"gamma": "auto", "class_weight": 1.112172806370049, "C": 10.380317698863818, "kernel": "poly", "random_state": null}, "query_param": {}, "feature_param": {"vector_size": 128, "epochs": 25, "min_count": 1, "n_jobs": 1, "window": 5, "dm_concat": 1, "dm": 0, "dbow_words": 0, "split_ta": 1, "use_keywords": 1}, "balance_param": {"a": 2.0262117072605395, "alpha": 0.8387682748985997, "b": 0.8021151664395265, "beta": 1.0}, "abstract_only": false}, "wss": {"95": 77.04209583519929, "99": 23.107926556202415, "100": 23.107926556202415}, "rrf": {"5": 72.5, "10": 87.5, "20": 95.0}, "loss": 0.061017897091722575, "general": {"n_queries": [2234], "n_states": 1, "n_papers": 2235, "n_included": 41, "n_excluded": 2194, "n_unlabeled": 0}}