{"settings": {"model": "rf", "query_strategy": "max", "balance_strategy": "double", "feature_extraction": "tfidf", "n_instances": 1, "mode": "simulate", "model_param": {"n_estimators": 96, "max_features": 9, "class_weight": 0.23810632800851092, "random_state": null}, "query_param": {}, "feature_param": {"ngram_max": 1, "split_ta": 1, "use_keywords": 1}, "balance_param": {"a": 1.3997308914489586, "alpha": 0.8363793348657044, "b": 0.7392060923408595, "beta": 1.0}, "abstract_only": false}, "wss": {"95": 61.64820125631425, "99": 47.768389165250696, "100": 44.65682015638576}, "rrf": {"5": 37.16814159292036, "10": 64.60176991150443, "20": 84.070796460177}, "loss": 0.10478121927236975, "general": {"n_queries": [2303], "n_states": 1, "n_papers": 2304, "n_included": 114, "n_excluded": 2190, "n_unlabeled": 0}}