{"settings": {"model": "svm", "query_strategy": "max", "balance_strategy": "double", "feature_extraction": "tfidf", "n_instances": 1, "mode": "simulate", "model_param": {"gamma": "scale", "class_weight": 2.0509872644141636, "C": 2.8390424724245826, "kernel": "rbf", "random_state": null}, "query_param": {}, "feature_param": {"ngram_max": 3, "split_ta": 0, "use_keywords": 0}, "balance_param": {"a": 2.4983009192112937, "alpha": 1.5359926585384656, "b": 0.7683507849693864, "beta": 1.0}, "abstract_only": false}, "wss": {"95": 81.64073164073164, "99": 85.32818532818533, "100": 85.32818532818533}, "rrf": {"5": 72.72727272727273, "10": 90.9090909090909, "20": 100.0}, "loss": 0.03818727350660484, "general": {"n_queries": [2332], "n_states": 1, "n_papers": 2333, "n_included": 23, "n_excluded": 2310, "n_unlabeled": 0}}