{"settings": {"model": "nb", "query_strategy": "max", "balance_strategy": "double", "feature_extraction": "tfidf", "n_instances": 1, "mode": "simulate", "model_param": {"alpha": 0.06586028856339346}, "query_param": {}, "feature_param": {"ngram_max": 3, "split_ta": 0, "use_keywords": 1}, "balance_param": {"a": 1.3783791240515941, "alpha": 1.229374068496514, "b": 0.9153629982662178, "beta": 1.0}, "abstract_only": false}, "wss": {"95": 71.24414880512441, "99": 47.046070460704605, "100": 47.046070460704605}, "rrf": {"5": 36.36363636363637, "10": 61.61616161616162, "20": 89.8989898989899}, "loss": 0.09869129847473106, "general": {"n_queries": [1846], "n_states": 1, "n_papers": 1847, "n_included": 100, "n_excluded": 1747, "n_unlabeled": 0}}