{"settings": {"model": "nb", "query_strategy": "max", "balance_strategy": "double", "feature_extraction": "tfidf", "n_instances": 1, "mode": "simulate", "model_param": {"alpha": 0.06586028856339346}, "query_param": {}, "feature_param": {"ngram_max": 3, "split_ta": 0, "use_keywords": 1}, "balance_param": {"a": 1.3783791240515941, "alpha": 1.229374068496514, "b": 0.9153629982662178, "beta": 1.0}, "abstract_only": false}, "wss": {"95": 72.0029563932003, "99": 45.25745257452574, "100": 45.25745257452574}, "rrf": {"5": 43.43434343434343, "10": 59.5959595959596, "20": 90.9090909090909}, "loss": 0.09132472532580817, "general": {"n_queries": [1846], "n_states": 1, "n_papers": 1847, "n_included": 100, "n_excluded": 1747, "n_unlabeled": 0}}