{"settings": {"model": "svm", "query_strategy": "max", "balance_strategy": "double", "feature_extraction": "tfidf", "n_instances": 1, "mode": "simulate", "model_param": {"gamma": "scale", "class_weight": 0.7877850408115475, "C": 0.20779790650988156, "kernel": "rbf", "random_state": null}, "query_param": {}, "feature_param": {"ngram_max": 3, "split_ta": 0, "use_keywords": 0}, "balance_param": {"a": 0.17880048019229625, "alpha": 1.4633808999941502, "b": 0.1341566854433651, "beta": 1.0}, "abstract_only": false}, "wss": {"95": 70.48534121704853, "99": 64.0650406504065, "100": 64.0650406504065}, "rrf": {"5": 29.292929292929294, "10": 62.62626262626263, "20": 90.9090909090909}, "loss": 0.10052884010653368, "general": {"n_queries": [1846], "n_states": 1, "n_papers": 1847, "n_included": 100, "n_excluded": 1747, "n_unlabeled": 0}}