{"settings": {"model": "svm", "query_strategy": "max", "balance_strategy": "double", "feature_extraction": "tfidf", "n_instances": 1, "mode": "simulate", "model_param": {"gamma": "scale", "class_weight": 0.7877850408115475, "C": 0.20779790650988156, "kernel": "rbf", "random_state": null}, "query_param": {}, "feature_param": {"ngram_max": 3, "split_ta": 0, "use_keywords": 0}, "balance_param": {"a": 0.17880048019229625, "alpha": 1.4633808999941502, "b": 0.1341566854433651, "beta": 1.0}, "abstract_only": false}, "wss": {"95": 61.37965016013796, "99": 44.11924119241192, "100": 44.11924119241192}, "rrf": {"5": 35.35353535353536, "10": 60.60606060606061, "20": 91.91919191919192}, "loss": 0.10331796579766261, "general": {"n_queries": [1846], "n_states": 1, "n_papers": 1847, "n_included": 100, "n_excluded": 1747, "n_unlabeled": 0}}