{"settings": {"model": "logistic", "query_strategy": "max", "balance_strategy": "double", "feature_extraction": "tfidf", "n_instances": 1, "mode": "simulate", "model_param": {"C": 0.1951335725229068, "class_weight": 46.08786267598361, "n_jobs": 1}, "query_param": {}, "feature_param": {"ngram_max": 2, "split_ta": 0, "use_keywords": 0}, "balance_param": {"a": 0.45300065378232773, "alpha": 1.4364132480628178, "b": 0.8561946710762778, "beta": 1.0}, "abstract_only": false}, "wss": {"95": 82.62743262743263, "99": 86.7009867009867, "100": 86.7009867009867}, "rrf": {"5": 77.27272727272727, "10": 90.9090909090909, "20": 100.0}, "loss": 0.03923937185831741, "general": {"n_queries": [2332], "n_states": 1, "n_papers": 2333, "n_included": 23, "n_excluded": 2310, "n_unlabeled": 0}}