{"settings": {"model": "rf", "query_strategy": "max", "balance_strategy": "double", "feature_extraction": "tfidf", "n_instances": 1, "mode": "simulate", "model_param": {"n_estimators": 98, "max_features": 10, "class_weight": 1.3509139949303293, "random_state": null}, "query_param": {}, "feature_param": {"ngram_max": 1, "split_ta": 1, "use_keywords": 1}, "balance_param": {"a": 1.2847984737241793, "alpha": 0.5257832344990089, "b": 0.7618166869108984, "beta": 1.0}, "abstract_only": false}, "wss": {"95": 90.89557485028632, "99": 90.73139740765565, "100": 67.28131324488419}, "rrf": {"5": 98.05825242718447, "10": 99.02912621359224, "20": 99.02912621359224}, "loss": 0.021760625480198355, "general": {"n_queries": [8895], "n_states": 1, "n_papers": 8896, "n_included": 104, "n_excluded": 8792, "n_unlabeled": 0}}