{"settings": {"model": "svm", "query_strategy": "max", "balance_strategy": "double", "feature_extraction": "tfidf", "n_instances": 1, "mode": "simulate", "model_param": {"gamma": "scale", "class_weight": 0.12254019097238722, "C": 7433.832053691587, "kernel": "rbf", "random_state": null}, "query_param": {}, "feature_param": {"ngram_max": 2, "split_ta": 0, "use_keywords": 0}, "balance_param": {"a": 1.2310336927585883, "alpha": 0.38916243456636873, "b": 0.8831851559259727, "beta": 1.0}, "abstract_only": false}, "wss": {"95": 69.67500365207631, "99": 58.569513748465496, "100": 39.87836663770636}, "rrf": {"5": 43.89380530973452, "10": 73.39233038348084, "20": 90.56047197640119}, "loss": 0.0845320223301309, "general": {"n_queries": [2303, 2303, 2303, 2303, 2303, 2303, 2303, 2303, 2303, 2303, 2303, 2303, 2303, 2303, 2303], "n_states": 15, "n_papers": 2304, "n_included": 114, "n_excluded": 2190, "n_unlabeled": 0}}