{"settings": {"model": "svm", "query_strategy": "max", "balance_strategy": "double", "feature_extraction": "tfidf", "n_instances": 1, "mode": "simulate", "model_param": {"gamma": "scale", "class_weight": 0.12254019097238722, "C": 7433.832053691587, "kernel": "rbf", "random_state": null}, "query_param": {}, "feature_param": {"ngram_max": 2, "split_ta": 0, "use_keywords": 0}, "balance_param": {"a": 1.2310336927585883, "alpha": 0.38916243456636873, "b": 0.8831851559259727, "beta": 1.0}, "abstract_only": false}, "wss": {"95": 70.55350099567133, "99": 64.66673842676244, "100": 39.87836663770636}, "rrf": {"5": 48.67256637168142, "10": 74.33628318584071, "20": 91.15044247787611}, "loss": 0.08263812069813174, "general": {"n_queries": [2303], "n_states": 1, "n_papers": 2304, "n_included": 114, "n_excluded": 2190, "n_unlabeled": 0}}