{"settings": {"model": "rf", "query_strategy": "max", "balance_strategy": "double", "feature_extraction": "tfidf", "n_instances": 1, "mode": "simulate", "model_param": {"n_estimators": 100, "max_features": 7, "class_weight": 11.285881629654124, "random_state": null}, "query_param": {}, "feature_param": {"ngram_max": 1, "split_ta": 1, "use_keywords": 1}, "balance_param": {"a": 0.5025174670648096, "alpha": 0.9709742375744492, "b": 0.38942253850772046, "beta": 1.0}, "abstract_only": false}, "wss": {"95": 64.88133366182146, "99": 60.30385152336372, "100": 49.26829268292683}, "rrf": {"5": 29.15824915824916, "10": 53.602693602693606, "20": 81.75084175084176}, "loss": 0.11720846397781969, "general": {"n_queries": [1846, 1846, 1846, 1846, 1846, 1846, 1846, 1846, 1846, 1846, 1846, 1846, 1846, 1846, 1846], "n_states": 15, "n_papers": 1847, "n_included": 100, "n_excluded": 1747, "n_unlabeled": 0}}