{"settings": {"model": "rf", "query_strategy": "max", "balance_strategy": "double", "feature_extraction": "tfidf", "n_instances": 1, "mode": "simulate", "model_param": {"n_estimators": 100, "max_features": 7, "class_weight": 11.285881629654124, "random_state": null}, "query_param": {}, "feature_param": {"ngram_max": 1, "split_ta": 1, "use_keywords": 1}, "balance_param": {"a": 0.5025174670648096, "alpha": 0.9709742375744492, "b": 0.38942253850772046, "beta": 1.0}, "abstract_only": false}, "wss": {"95": 63.71027346637103, "99": 64.22764227642276, "100": 64.22764227642276}, "rrf": {"5": 26.262626262626263, "10": 52.525252525252526, "20": 82.82828282828282}, "loss": 0.11320568981640992, "general": {"n_queries": [1846], "n_states": 1, "n_papers": 1847, "n_included": 100, "n_excluded": 1747, "n_unlabeled": 0}}