{"settings": {"model": "rf", "query_strategy": "max", "balance_strategy": "double", "feature_extraction": "tfidf", "n_instances": 1, "mode": "simulate", "model_param": {"n_estimators": 100, "max_features": 7, "class_weight": 11.285881629654124, "random_state": null}, "query_param": {}, "feature_param": {"ngram_max": 1, "split_ta": 1, "use_keywords": 1}, "balance_param": {"a": 0.5025174670648096, "alpha": 0.9709742375744492, "b": 0.38942253850772046, "beta": 1.0}, "abstract_only": false}, "wss": {"95": 66.25769894062577, "99": 51.43631436314363, "100": 51.43631436314363}, "rrf": {"5": 30.303030303030305, "10": 55.55555555555556, "20": 83.83838383838383}, "loss": 0.11192597332283309, "general": {"n_queries": [1846], "n_states": 1, "n_papers": 1847, "n_included": 100, "n_excluded": 1747, "n_unlabeled": 0}}