{"settings": {"model": "logistic", "query_strategy": "max", "balance_strategy": "double", "feature_extraction": "doc2vec", "n_instances": 1, "mode": "simulate", "model_param": {"C": 0.000608690223923527, "class_weight": 13.108331932617244, "n_jobs": 1}, "query_param": {}, "feature_param": {"vector_size": 128, "epochs": 25, "min_count": 1, "n_jobs": 1, "window": 6, "dm_concat": 0, "dm": 0, "dbow_words": 0, "split_ta": 1, "use_keywords": 1}, "balance_param": {"a": 2.55357146712291, "alpha": 1.7542419920635641, "b": 0.76376960699213, "beta": 1.0}, "abstract_only": false}, "wss": {"95": 77.80340349305867, "99": 63.815494849977604, "100": 63.815494849977604}, "rrf": {"5": 70.0, "10": 80.0, "20": 95.0}, "loss": 0.055022371364653246, "general": {"n_queries": [2234], "n_states": 1, "n_papers": 2235, "n_included": 41, "n_excluded": 2194, "n_unlabeled": 0}}