{"settings": {"model": "svm", "query_strategy": "max", "balance_strategy": "double", "feature_extraction": "tfidf", "n_instances": 1, "mode": "simulate", "model_param": {"gamma": "auto", "class_weight": 0.9763742470371742, "C": 0.139045935984472, "kernel": "linear", "random_state": null}, "query_param": {}, "feature_param": {"ngram_max": 3, "split_ta": 0, "use_keywords": 0}, "balance_param": {"a": 7.149316653852129, "alpha": 0.30078299814613857, "b": 0.2314375335398942, "beta": 1.0}, "abstract_only": false}, "wss": {"95": 91.01900866864081, "99": 88.97780261868549, "100": 88.58620003976934}, "rrf": {"5": 96.93693693693695, "10": 98.55855855855856, "20": 100.0}, "loss": 0.020583912420839262, "general": {"n_queries": [5030, 5030, 5030, 5030, 5030, 5030, 5030, 5030, 5030, 5030, 5030, 5030, 5030, 5030, 5030], "n_states": 15, "n_papers": 5031, "n_included": 38, "n_excluded": 4993, "n_unlabeled": 0}}