{"settings": {"model": "svm", "query_strategy": "max", "balance_strategy": "double", "feature_extraction": "tfidf", "n_instances": 1, "mode": "simulate", "model_param": {"gamma": "auto", "class_weight": 0.9763742470371742, "C": 0.139045935984472, "kernel": "linear", "random_state": null}, "query_param": {}, "feature_param": {"ngram_max": 3, "split_ta": 0, "use_keywords": 0}, "balance_param": {"a": 7.149316653852129, "alpha": 0.30078299814613857, "b": 0.2314375335398942, "beta": 1.0}, "abstract_only": false}, "wss": {"95": 92.06762937126827, "99": 89.93835752634719, "100": 89.93835752634719}, "rrf": {"5": 94.5945945945946, "10": 97.2972972972973, "20": 100.0}, "loss": 0.021069369906579205, "general": {"n_queries": [5030], "n_states": 1, "n_papers": 5031, "n_included": 38, "n_excluded": 4993, "n_unlabeled": 0}}