{"settings": {"model": "svm", "query_strategy": "max", "balance_strategy": "double", "feature_extraction": "doc2vec", "n_instances": 1, "mode": "simulate", "model_param": {"gamma": "scale", "class_weight": 100.62198164845489, "C": 0.019682022748953313, "kernel": "rbf", "random_state": null}, "query_param": {}, "feature_param": {"vector_size": 56, "epochs": 48, "min_count": 1, "n_jobs": 1, "window": 7, "dm_concat": 1, "dm": 0, "dbow_words": 0, "split_ta": 1, "use_keywords": 1}, "balance_param": {"a": 0.6603986493133248, "alpha": 1.0292943272717165, "b": 0.8960559989690025, "beta": 1.0}, "abstract_only": false}, "wss": {"95": 92.30101672121054, "99": 95.57736097860236, "100": 84.46143467506184}, "rrf": {"5": 99.02912621359224, "10": 99.02912621359224, "20": 100.0}, "loss": 0.013829712928686169, "general": {"n_queries": [8895], "n_states": 1, "n_papers": 8896, "n_included": 104, "n_excluded": 8792, "n_unlabeled": 0}}