{"settings": {"model": "svm", "query_strategy": "max", "balance_strategy": "double", "feature_extraction": "tfidf", "n_instances": 1, "mode": "simulate", "model_param": {"gamma": "auto", "class_weight": 0.4121595981967066, "C": 0.16510467001060608, "kernel": "linear", "random_state": null}, "query_param": {}, "feature_param": {"ngram_max": 2, "split_ta": 1, "use_keywords": 0}, "balance_param": {"a": 0.2700123647268387, "alpha": 0.8095556929941352, "b": 0.43877654077830686, "beta": 1.0}, "abstract_only": false}, "wss": {"95": 75.653828929691, "99": 28.974473802060004, "100": 28.974473802060004}, "rrf": {"5": 67.5, "10": 90.0, "20": 97.5}, "loss": 0.06574944071588368, "general": {"n_queries": [2234], "n_states": 1, "n_papers": 2235, "n_included": 41, "n_excluded": 2194, "n_unlabeled": 0}}