{"settings": {"model": "svm", "query_strategy": "max", "balance_strategy": "double", "feature_extraction": "doc2vec", "n_instances": 1, "mode": "simulate", "model_param": {"gamma": "scale", "class_weight": 10.952053847314165, "C": 0.02567164044399906, "kernel": "rbf", "random_state": null}, "query_param": {}, "feature_param": {"vector_size": 88, "epochs": 23, "min_count": 1, "n_jobs": 1, "window": 6, "dm_concat": 0, "dm": 0, "dbow_words": 1, "split_ta": 0, "use_keywords": 0}, "balance_param": {"a": 0.2575977995557104, "alpha": 0.936293250507555, "b": 0.7670604625179749, "beta": 1.0}, "abstract_only": false}, "wss": {"95": 91.98809069558722, "99": 94.45217737124676, "100": 94.45217737124676}, "rrf": {"5": 94.5945945945946, "10": 100.0, "20": 100.0}, "loss": 0.01921599596018201, "general": {"n_queries": [5030], "n_states": 1, "n_papers": 5031, "n_included": 38, "n_excluded": 4993, "n_unlabeled": 0}}