{"settings": {"model": "nb", "query_strategy": "max", "balance_strategy": "double", "feature_extraction": "tfidf", "n_instances": 1, "mode": "simulate", "model_param": {"alpha": 30.68787912390359}, "query_param": {}, "feature_param": {"ngram_max": 2, "split_ta": 0, "use_keywords": 0}, "balance_param": {"a": 2.886034611636745, "alpha": 0.6303548236653762, "b": 0.2522838673089395, "beta": 1.0}, "abstract_only": false}, "wss": {"95": 93.8572495740919, "99": 90.93259097236032, "100": 90.93259097236032}, "rrf": {"5": 97.2972972972973, "10": 100.0, "20": 100.0}, "loss": 0.017604366441575748, "general": {"n_queries": [5030], "n_states": 1, "n_papers": 5031, "n_included": 38, "n_excluded": 4993, "n_unlabeled": 0}}