{"settings": {"model": "svm", "query_strategy": "max", "balance_strategy": "double", "feature_extraction": "doc2vec", "n_instances": 1, "mode": "simulate", "model_param": {"gamma": "scale", "class_weight": 15.606860683550558, "C": 0.00021767223967680938, "kernel": "rbf", "random_state": null}, "query_param": {}, "feature_param": {"vector_size": 112, "epochs": 21, "min_count": 1, "n_jobs": 1, "window": 7, "dm_concat": 1, "dm": 0, "dbow_words": 0, "split_ta": 0, "use_keywords": 0}, "balance_param": {"a": 0.35601880938729646, "alpha": 0.9552671521573683, "b": 0.053397333227694084, "beta": 1.0}, "abstract_only": false}, "wss": {"95": 85.67333567333567, "99": 81.12398112398112, "100": 81.12398112398112}, "rrf": {"5": 72.72727272727273, "10": 95.45454545454545, "20": 100.0}, "loss": 0.042765849666835526, "general": {"n_queries": [2332], "n_states": 1, "n_papers": 2333, "n_included": 23, "n_excluded": 2310, "n_unlabeled": 0}}