{"settings": {"model": "nb", "query_strategy": "max", "balance_strategy": "double", "feature_extraction": "tfidf", "n_instances": 1, "mode": "simulate", "model_param": {"alpha": 93.76980809067938}, "query_param": {}, "feature_param": {"ngram_max": 2, "split_ta": 0, "use_keywords": 0}, "balance_param": {"a": 0.8684983875900419, "alpha": 1.091939072117553, "b": 0.3565753584801575, "beta": 1.0}, "abstract_only": false}, "wss": {"95": 71.15198019421358, "99": 56.571251367926834, "100": 54.083405734144236}, "rrf": {"5": 45.48672566371682, "10": 73.86430678466077, "20": 90.79646017699116}, "loss": 0.08151364377378631, "general": {"n_queries": [2303, 2303, 2303, 2303, 2303, 2303, 2303, 2303, 2303, 2303, 2303, 2303, 2303, 2303, 2303], "n_states": 15, "n_papers": 2304, "n_included": 114, "n_excluded": 2190, "n_unlabeled": 0}}