{"settings": {"model": "nb", "query_strategy": "max", "balance_strategy": "double", "feature_extraction": "tfidf", "n_instances": 1, "mode": "simulate", "model_param": {"alpha": 93.76980809067938}, "query_param": {}, "feature_param": {"ngram_max": 2, "split_ta": 0, "use_keywords": 0}, "balance_param": {"a": 0.8684983875900419, "alpha": 1.091939072117553, "b": 0.3565753584801575, "beta": 1.0}, "abstract_only": false}, "wss": {"95": 71.90015607820825, "99": 56.326165012340184, "100": 55.08253692441357}, "rrf": {"5": 47.78761061946903, "10": 71.68141592920355, "20": 92.9203539823009}, "loss": 0.07932337758112093, "general": {"n_queries": [2303], "n_states": 1, "n_papers": 2304, "n_included": 114, "n_excluded": 2190, "n_unlabeled": 0}}