{"settings": {"model": "nb", "query_strategy": "max", "balance_strategy": "double", "feature_extraction": "tfidf", "n_instances": 1, "mode": "simulate", "model_param": {"alpha": 93.76980809067938}, "query_param": {}, "feature_param": {"ngram_max": 2, "split_ta": 0, "use_keywords": 0}, "balance_param": {"a": 0.8684983875900419, "alpha": 1.091939072117553, "b": 0.3565753584801575, "beta": 1.0}, "abstract_only": false}, "wss": {"95": 71.682953645541, "99": 59.062915663947486, "100": 54.083405734144236}, "rrf": {"5": 46.90265486725664, "10": 73.45132743362832, "20": 90.26548672566372}, "loss": 0.08097882866273352, "general": {"n_queries": [2303], "n_states": 1, "n_papers": 2304, "n_included": 114, "n_excluded": 2190, "n_unlabeled": 0}}