{"settings": {"model": "nb", "query_strategy": "max", "balance_strategy": "double", "feature_extraction": "tfidf", "n_instances": 1, "mode": "simulate", "model_param": {"alpha": 93.76980809067938}, "query_param": {}, "feature_param": {"ngram_max": 2, "split_ta": 0, "use_keywords": 0}, "balance_param": {"a": 0.8684983875900419, "alpha": 1.091939072117553, "b": 0.3565753584801575, "beta": 1.0}, "abstract_only": false}, "wss": {"95": 72.2042394839424, "99": 56.84745085074157, "100": 55.25629887054736}, "rrf": {"5": 46.01769911504425, "10": 75.2212389380531, "20": 90.26548672566372}, "loss": 0.07860896017699115, "general": {"n_queries": [2303], "n_states": 1, "n_papers": 2304, "n_included": 114, "n_excluded": 2190, "n_unlabeled": 0}}