{"settings": {"model": "nb", "query_strategy": "max", "balance_strategy": "double", "feature_extraction": "tfidf", "n_instances": 1, "mode": "simulate", "model_param": {"alpha": 98353.3672090065}, "query_param": {}, "feature_param": {"ngram_max": 3, "split_ta": 0, "use_keywords": 1}, "balance_param": {"a": 1.0762405895389489, "alpha": 1.4253311701602926, "b": 0.7390242185888265, "beta": 1.0}, "abstract_only": false}, "wss": {"95": 92.26728611630836, "99": 88.78626585829653, "100": 83.58443894760512}, "rrf": {"5": 96.11650485436893, "10": 98.05825242718447, "20": 100.0}, "loss": 0.014158212265139348, "general": {"n_queries": [8895], "n_states": 1, "n_papers": 8896, "n_included": 104, "n_excluded": 8792, "n_unlabeled": 0}}