{"settings": {"model": "nb", "query_strategy": "max", "balance_strategy": "double", "feature_extraction": "tfidf", "n_instances": 1, "mode": "simulate", "model_param": {"alpha": 98353.3672090065}, "query_param": {}, "feature_param": {"ngram_max": 3, "split_ta": 0, "use_keywords": 1}, "balance_param": {"a": 1.0762405895389489, "alpha": 1.4253311701602926, "b": 0.7390242185888265, "beta": 1.0}, "abstract_only": false}, "wss": {"95": 92.34599086108013, "99": 88.62885636875302, "100": 83.37081178322464}, "rrf": {"5": 97.08737864077669, "10": 98.05825242718447, "20": 100.0}, "loss": 0.015014929803729834, "general": {"n_queries": [8895], "n_states": 1, "n_papers": 8896, "n_included": 104, "n_excluded": 8792, "n_unlabeled": 0}}