{"settings": {"model": "nb", "query_strategy": "max", "balance_strategy": "double", "feature_extraction": "tfidf", "n_instances": 1, "mode": "simulate", "model_param": {"alpha": 0.030566525875036474}, "query_param": {}, "feature_param": {"ngram_max": 2, "split_ta": 0, "use_keywords": 0}, "balance_param": {"a": 1.155488046407053, "alpha": 1.8497333161837746, "b": 0.222013921717905, "beta": 1.0}, "abstract_only": false}, "wss": {"95": 83.40236340236339, "99": 86.18072618072618, "100": 86.31488631488631}, "rrf": {"5": 77.57575757575758, "10": 87.27272727272727, "20": 100.0}, "loss": 0.0392491398846344, "general": {"n_queries": [2332, 2332, 2332, 2332, 2332, 2332, 2332, 2332, 2332, 2332, 2332, 2332, 2332, 2332, 2332], "n_states": 15, "n_papers": 2333, "n_included": 23, "n_excluded": 2310, "n_unlabeled": 0}}