{"settings": {"model": "logistic", "query_strategy": "max", "balance_strategy": "double", "feature_extraction": "doc2vec", "n_instances": 1, "mode": "simulate", "model_param": {"C": 0.0038728892831873425, "class_weight": 28.454194717563784, "n_jobs": 1}, "query_param": {}, "feature_param": {"vector_size": 56, "epochs": 22, "min_count": 1, "n_jobs": 1, "window": 6, "dm_concat": 1, "dm": 2, "dbow_words": 1, "split_ta": 1, "use_keywords": 0}, "balance_param": {"a": 0.2155974783634673, "alpha": 1.6391922397757515, "b": 0.2962230066523842, "beta": 1.0}, "abstract_only": false}, "wss": {"95": 92.24659139155064, "99": 90.89282163451979, "100": 90.89282163451979}, "rrf": {"5": 94.5945945945946, "10": 100.0, "20": 100.0}, "loss": 0.019199879664995943, "general": {"n_queries": [5030], "n_states": 1, "n_papers": 5031, "n_included": 38, "n_excluded": 4993, "n_unlabeled": 0}}