{"settings": {"model": "rf", "query_strategy": "max", "balance_strategy": "double", "feature_extraction": "doc2vec", "n_instances": 1, "mode": "simulate", "model_param": {"n_estimators": 96, "max_features": 9, "class_weight": 1.0653351781874152, "random_state": null}, "query_param": {}, "feature_param": {"vector_size": 128, "epochs": 31, "min_count": 1, "n_jobs": 1, "window": 9, "dm_concat": 1, "dm": 0, "dbow_words": 0, "split_ta": 1, "use_keywords": 1}, "balance_param": {"a": 1.4142848236305054, "alpha": 0.7831794409335038, "b": 0.501624097529163, "beta": 1.0}, "abstract_only": false}, "wss": {"95": 72.76896580887724, "99": 46.33485310964687, "100": 28.801042571676817}, "rrf": {"5": 47.78761061946903, "10": 69.02654867256638, "20": 92.0353982300885}, "loss": 0.08611802482792527, "general": {"n_queries": [2303], "n_states": 1, "n_papers": 2304, "n_included": 114, "n_excluded": 2190, "n_unlabeled": 0}}