{"settings": {"model": "rf", "query_strategy": "max", "balance_strategy": "double", "feature_extraction": "tfidf", "n_instances": 1, "mode": "simulate", "model_param": {"n_estimators": 100, "max_features": 10, "class_weight": 0.4053984396500867, "random_state": null}, "query_param": {}, "feature_param": {"ngram_max": 1, "split_ta": 1, "use_keywords": 1}, "balance_param": {"a": 1.1934285097624802, "alpha": 1.00927112233131, "b": 0.7518824378224663, "beta": 1.0}, "abstract_only": false}, "wss": {"95": 81.29646215853113, "99": 47.021943573667706, "100": 47.021943573667706}, "rrf": {"5": 65.0, "10": 80.0, "20": 97.5}, "loss": 0.058814317673378066, "general": {"n_queries": [2234], "n_states": 1, "n_papers": 2235, "n_included": 41, "n_excluded": 2194, "n_unlabeled": 0}}