{"settings": {"model": "rf", "query_strategy": "max", "balance_strategy": "double", "feature_extraction": "tfidf", "n_instances": 1, "mode": "simulate", "model_param": {"n_estimators": 100, "max_features": 10, "class_weight": 0.4053984396500867, "random_state": null}, "query_param": {}, "feature_param": {"ngram_max": 1, "split_ta": 1, "use_keywords": 1}, "balance_param": {"a": 1.1934285097624802, "alpha": 1.00927112233131, "b": 0.7518824378224663, "beta": 1.0}, "abstract_only": false}, "wss": {"95": 70.19032691446485, "99": 57.81459919390954, "100": 57.81459919390954}, "rrf": {"5": 62.5, "10": 85.0, "20": 90.0}, "loss": 0.06909395973154361, "general": {"n_queries": [2234], "n_states": 1, "n_papers": 2235, "n_included": 41, "n_excluded": 2194, "n_unlabeled": 0}}