{"settings": {"model": "rf", "query_strategy": "max", "balance_strategy": "double", "feature_extraction": "tfidf", "n_instances": 1, "mode": "simulate", "model_param": {"n_estimators": 100, "max_features": 10, "class_weight": 0.4053984396500867, "random_state": null}, "query_param": {}, "feature_param": {"ngram_max": 1, "split_ta": 1, "use_keywords": 1}, "balance_param": {"a": 1.1934285097624802, "alpha": 1.00927112233131, "b": 0.7518824378224663, "beta": 1.0}, "abstract_only": false}, "wss": {"95": 76.8629646215853, "99": 61.755485893416925, "100": 61.755485893416925}, "rrf": {"5": 60.0, "10": 82.5, "20": 95.0}, "loss": 0.059429530201342284, "general": {"n_queries": [2234], "n_states": 1, "n_papers": 2235, "n_included": 41, "n_excluded": 2194, "n_unlabeled": 0}}