{"settings": {"model": "svm", "query_strategy": "max", "balance_strategy": "double", "feature_extraction": "doc2vec", "n_instances": 1, "mode": "simulate", "model_param": {"gamma": "scale", "class_weight": 1194.941349653043, "C": 0.21898795545882718, "kernel": "rbf", "random_state": null}, "query_param": {}, "feature_param": {"vector_size": 120, "epochs": 22, "min_count": 1, "n_jobs": 1, "window": 5, "dm_concat": 0, "dm": 0, "dbow_words": 0, "split_ta": 1, "use_keywords": 0}, "balance_param": {"a": 0.2543488970558553, "alpha": 1.3035353540806345, "b": 0.9994057051004324, "beta": 1.0}, "abstract_only": false}, "wss": {"95": 72.76176398127618, "99": 59.512195121951216, "100": 59.512195121951216}, "rrf": {"5": 38.38383838383839, "10": 65.65656565656566, "20": 89.8989898989899}, "loss": 0.08928483535955115, "general": {"n_queries": [1846], "n_states": 1, "n_papers": 1847, "n_included": 100, "n_excluded": 1747, "n_unlabeled": 0}}