{"settings": {"model": "svm", "query_strategy": "max", "balance_strategy": "double", "feature_extraction": "doc2vec", "n_instances": 1, "mode": "simulate", "model_param": {"gamma": "scale", "class_weight": 1194.941349653043, "C": 0.21898795545882718, "kernel": "rbf", "random_state": null}, "query_param": {}, "feature_param": {"vector_size": 120, "epochs": 22, "min_count": 1, "n_jobs": 1, "window": 5, "dm_concat": 0, "dm": 0, "dbow_words": 0, "split_ta": 1, "use_keywords": 0}, "balance_param": {"a": 0.2543488970558553, "alpha": 1.3035353540806345, "b": 0.9994057051004324, "beta": 1.0}, "abstract_only": false}, "wss": {"95": 71.29834934712983, "99": 61.138211382113816, "100": 61.138211382113816}, "rrf": {"5": 35.35353535353536, "10": 69.6969696969697, "20": 88.88888888888889}, "loss": 0.09102940613498277, "general": {"n_queries": [1846], "n_states": 1, "n_papers": 1847, "n_included": 100, "n_excluded": 1747, "n_unlabeled": 0}}