{"settings": {"model": "rf", "query_strategy": "max", "balance_strategy": "double", "feature_extraction": "tfidf", "n_instances": 1, "mode": "simulate", "model_param": {"n_estimators": 98, "max_features": 10, "class_weight": 3.5347025861414982, "random_state": null}, "query_param": {}, "feature_param": {"ngram_max": 2, "split_ta": 0, "use_keywords": 1}, "balance_param": {"a": 0.7480817385104864, "alpha": 1.5128751455148537, "b": 0.11406604871063955, "beta": 1.0}, "abstract_only": false}, "wss": {"95": 81.5951015951016, "99": 78.88498888498889, "100": 78.46417846417846}, "rrf": {"5": 52.72727272727273, "10": 86.66666666666667, "20": 98.7878787878788}, "loss": 0.0563538562979477, "general": {"n_queries": [2332, 2332, 2332, 2332, 2332, 2332, 2332, 2332, 2332, 2332, 2332, 2332, 2332, 2332, 2332], "n_states": 15, "n_papers": 2333, "n_included": 23, "n_excluded": 2310, "n_unlabeled": 0}}