{"settings": {"model": "rf", "query_strategy": "max", "balance_strategy": "double", "feature_extraction": "tfidf", "n_instances": 1, "mode": "simulate", "model_param": {"n_estimators": 98, "max_features": 10, "class_weight": 3.5347025861414982, "random_state": null}, "query_param": {}, "feature_param": {"ngram_max": 2, "split_ta": 0, "use_keywords": 1}, "balance_param": {"a": 0.7480817385104864, "alpha": 1.5128751455148537, "b": 0.11406604871063955, "beta": 1.0}, "abstract_only": false}, "wss": {"95": 80.78273078273078, "99": 78.46417846417846, "100": 78.46417846417846}, "rrf": {"5": 54.54545454545455, "10": 86.36363636363636, "20": 95.45454545454545}, "loss": 0.057651093013287615, "general": {"n_queries": [2332], "n_states": 1, "n_papers": 2333, "n_included": 23, "n_excluded": 2310, "n_unlabeled": 0}}