{"settings": {"model": "rf", "query_strategy": "max", "balance_strategy": "double", "feature_extraction": "tfidf", "n_instances": 1, "mode": "simulate", "model_param": {"n_estimators": 98, "max_features": 10, "class_weight": 3.5347025861414982, "random_state": null}, "query_param": {}, "feature_param": {"ngram_max": 2, "split_ta": 0, "use_keywords": 1}, "balance_param": {"a": 0.7480817385104864, "alpha": 1.5128751455148537, "b": 0.11406604871063955, "beta": 1.0}, "abstract_only": false}, "wss": {"95": 79.88182988182987, "99": 81.12398112398112, "100": 81.12398112398112}, "rrf": {"5": 59.09090909090909, "10": 81.81818181818181, "20": 100.0}, "loss": 0.058995440907142586, "general": {"n_queries": [2332], "n_states": 1, "n_papers": 2333, "n_included": 23, "n_excluded": 2310, "n_unlabeled": 0}}