{"settings": {"model": "logistic", "query_strategy": "max", "balance_strategy": "double", "feature_extraction": "tfidf", "n_instances": 1, "mode": "simulate", "model_param": {"C": 45.39681457737738, "class_weight": 50289.38748679918, "n_jobs": 1}, "query_param": {}, "feature_param": {"ngram_max": 3, "split_ta": 0, "use_keywords": 1}, "balance_param": {"a": 0.49607220942931046, "alpha": 1.377506467559461, "b": 0.9570529629947744, "beta": 1.0}, "abstract_only": false}, "wss": {"95": 92.12112016173225, "99": 92.15932634851465, "100": 86.53024510906229}, "rrf": {"5": 96.11650485436893, "10": 99.02912621359224, "20": 100.0}, "loss": 0.0137489522944751, "general": {"n_queries": [8895], "n_states": 1, "n_papers": 8896, "n_included": 104, "n_excluded": 8792, "n_unlabeled": 0}}