{"settings": {"model": "logistic", "query_strategy": "max", "balance_strategy": "double", "feature_extraction": "doc2vec", "n_instances": 1, "mode": "simulate", "model_param": {"C": 0.005431073890232156, "class_weight": 12719.380370185954, "n_jobs": 1}, "query_param": {}, "feature_param": {"vector_size": 40, "epochs": 40, "min_count": 1, "n_jobs": 1, "window": 9, "dm_concat": 1, "dm": 0, "dbow_words": 1, "split_ta": 1, "use_keywords": 0}, "balance_param": {"a": 0.33866731173796316, "alpha": 1.580484668793397, "b": 0.5370385005837852, "beta": 1.0}, "abstract_only": false}, "wss": {"95": 71.94875585119487, "99": 60.48780487804878, "100": 60.48780487804878}, "rrf": {"5": 43.43434343434343, "10": 70.70707070707071, "20": 91.91919191919192}, "loss": 0.08359173762530554, "general": {"n_queries": [1846], "n_states": 1, "n_papers": 1847, "n_included": 100, "n_excluded": 1747, "n_unlabeled": 0}}