{"settings": {"model": "logistic", "query_strategy": "max", "balance_strategy": "double", "feature_extraction": "doc2vec", "n_instances": 1, "mode": "simulate", "model_param": {"C": 0.2711690026805586, "class_weight": 474071.92159977334, "n_jobs": 1}, "query_param": {}, "feature_param": {"vector_size": 112, "epochs": 25, "min_count": 1, "n_jobs": 1, "window": 5, "dm_concat": 0, "dm": 0, "dbow_words": 0, "split_ta": 1, "use_keywords": 0}, "balance_param": {"a": 2.129262952555313, "alpha": 1.1239440548090383, "b": 0.41270647348244943, "beta": 1.0}, "abstract_only": false}, "wss": {"95": 86.05943605943605, "99": 90.34749034749035, "100": 90.34749034749035}, "rrf": {"5": 59.09090909090909, "10": 100.0, "20": 100.0}, "loss": 0.0445972801309278, "general": {"n_queries": [2332], "n_states": 1, "n_papers": 2333, "n_included": 23, "n_excluded": 2310, "n_unlabeled": 0}}