{"settings": {"model": "rf", "query_strategy": "max", "balance_strategy": "double", "feature_extraction": "tfidf", "n_instances": 1, "mode": "simulate", "model_param": {"n_estimators": 94, "max_features": 8, "class_weight": 1.4535204275545368, "random_state": null}, "query_param": {}, "feature_param": {"ngram_max": 1, "split_ta": 0, "use_keywords": 0}, "balance_param": {"a": 0.5489525874771882, "alpha": 1.5540455458918692, "b": 0.7052996481491941, "beta": 1.0}, "abstract_only": false}, "wss": {"95": 84.51672193171498, "99": 76.8879239151659, "100": 70.39172797772918}, "rrf": {"5": 86.12612612612612, "10": 94.77477477477478, "20": 98.55855855855856}, "loss": 0.03339094222721001, "general": {"n_queries": [5030, 5030, 5030, 5030, 5030, 5030, 5030, 5030, 5030, 5030, 5030, 5030, 5030, 5030, 5030], "n_states": 15, "n_papers": 5031, "n_included": 38, "n_excluded": 4993, "n_unlabeled": 0}}