{"settings": {"model": "rf", "query_strategy": "max", "balance_strategy": "double", "feature_extraction": "tfidf", "n_instances": 1, "mode": "simulate", "model_param": {"n_estimators": 94, "max_features": 8, "class_weight": 1.4535204275545368, "random_state": null}, "query_param": {}, "feature_param": {"ngram_max": 1, "split_ta": 0, "use_keywords": 0}, "balance_param": {"a": 0.5489525874771882, "alpha": 1.5540455458918692, "b": 0.7052996481491941, "beta": 1.0}, "abstract_only": false}, "wss": {"95": 80.37544404615394, "99": 77.7888248160668, "100": 77.7888248160668}, "rrf": {"5": 91.89189189189189, "10": 94.5945945945946, "20": 97.2972972972973}, "loss": 0.031614799056659516, "general": {"n_queries": [5030], "n_states": 1, "n_papers": 5031, "n_included": 38, "n_excluded": 4993, "n_unlabeled": 0}}