{"settings": {"model": "rf", "query_strategy": "max", "balance_strategy": "double", "feature_extraction": "tfidf", "n_instances": 1, "mode": "simulate", "model_param": {"n_estimators": 94, "max_features": 8, "class_weight": 1.4535204275545368, "random_state": null}, "query_param": {}, "feature_param": {"ngram_max": 1, "split_ta": 0, "use_keywords": 0}, "balance_param": {"a": 0.5489525874771882, "alpha": 1.5540455458918692, "b": 0.7052996481491941, "beta": 1.0}, "abstract_only": false}, "wss": {"95": 85.24718793161824, "99": 85.1063829787234, "100": 85.1063829787234}, "rrf": {"5": 83.78378378378379, "10": 94.5945945945946, "20": 100.0}, "loss": 0.03465003465003465, "general": {"n_queries": [5030], "n_states": 1, "n_papers": 5031, "n_included": 38, "n_excluded": 4993, "n_unlabeled": 0}}