{"settings": {"model": "logistic", "query_strategy": "max", "balance_strategy": "double", "feature_extraction": "tfidf", "n_instances": 1, "mode": "simulate", "model_param": {"C": 0.30486589775326056, "class_weight": 56.606095790419424, "n_jobs": 1}, "query_param": {}, "feature_param": {"ngram_max": 3, "split_ta": 0, "use_keywords": 0}, "balance_param": {"a": 0.7846079225507214, "alpha": 0.20708078729094936, "b": 0.8962481029833638, "beta": 1.0}, "abstract_only": false}, "wss": {"95": 66.94095425802743, "99": 48.48813336618215, "100": 44.71544715447154}, "rrf": {"5": 39.05723905723905, "10": 62.08754208754209, "20": 92.52525252525253}, "loss": 0.09547529604486833, "general": {"n_queries": [1846, 1846, 1846, 1846, 1846, 1846, 1846, 1846, 1846, 1846, 1846, 1846, 1846, 1846, 1846], "n_states": 15, "n_papers": 1847, "n_included": 100, "n_excluded": 1747, "n_unlabeled": 0}}