{"settings": {"model": "logistic", "query_strategy": "max", "balance_strategy": "double", "feature_extraction": "tfidf", "n_instances": 1, "mode": "simulate", "model_param": {"C": 0.30486589775326056, "class_weight": 56.606095790419424, "n_jobs": 1}, "query_param": {}, "feature_param": {"ngram_max": 3, "split_ta": 0, "use_keywords": 0}, "balance_param": {"a": 0.7846079225507214, "alpha": 0.20708078729094936, "b": 0.8962481029833638, "beta": 1.0}, "abstract_only": false}, "wss": {"95": 61.27124907612712, "99": 46.12466124661246, "100": 46.12466124661246}, "rrf": {"5": 40.4040404040404, "10": 60.60606060606061, "20": 92.92929292929293}, "loss": 0.0975100217114294, "general": {"n_queries": [1846], "n_states": 1, "n_papers": 1847, "n_included": 100, "n_excluded": 1747, "n_unlabeled": 0}}