{"settings": {"model": "rf", "query_strategy": "max", "balance_strategy": "double", "feature_extraction": "doc2vec", "n_instances": 1, "mode": "simulate", "model_param": {"n_estimators": 99, "max_features": 6, "class_weight": 0.5054134142575066, "random_state": null}, "query_param": {}, "feature_param": {"vector_size": 32, "epochs": 35, "min_count": 2, "n_jobs": 1, "window": 5, "dm_concat": 0, "dm": 2, "dbow_words": 0, "split_ta": 0, "use_keywords": 0}, "balance_param": {"a": 2.0460253632481202, "alpha": 1.3687297964578342, "b": 0.2571919996646174, "beta": 1.0}, "abstract_only": false}, "wss": {"95": 88.2152703508838, "99": 81.73978313170994, "100": 51.30244581427719}, "rrf": {"5": 87.92792792792793, "10": 97.1171171171171, "20": 99.45945945945945}, "loss": 0.03015312389194321, "general": {"n_queries": [5030, 5030, 5030, 5030, 5030, 5030, 5030, 5030, 5030, 5030, 5030, 5030, 5030, 5030, 5030], "n_states": 15, "n_papers": 5031, "n_included": 38, "n_excluded": 4993, "n_unlabeled": 0}}