{"settings": {"model": "logistic", "query_strategy": "max", "balance_strategy": "double", "feature_extraction": "doc2vec", "n_instances": 1, "mode": "simulate", "model_param": {"C": 0.010561828427496181, "class_weight": 16.00655371212021, "n_jobs": 1}, "query_param": {}, "feature_param": {"vector_size": 128, "epochs": 21, "min_count": 1, "n_jobs": 1, "window": 9, "dm_concat": 0, "dm": 0, "dbow_words": 0, "split_ta": 1, "use_keywords": 1}, "balance_param": {"a": 0.2934751601061038, "alpha": 1.4569425913843481, "b": 0.5920724205433289, "beta": 1.0}, "abstract_only": false}, "wss": {"95": 72.59520386274345, "99": 64.53641696716207, "100": 60.556038227628164}, "rrf": {"5": 46.01769911504425, "10": 72.56637168141593, "20": 87.61061946902656}, "loss": 0.0807138028515241, "general": {"n_queries": [2303], "n_states": 1, "n_papers": 2304, "n_included": 114, "n_excluded": 2190, "n_unlabeled": 0}}